model_type,vectorizer_num_features,semi_supervised,samples,dummy_train_accuracy,dummy_test_accuracy,train_accuracy,test_accuracy,run_time
LinearSVC,100,False,250,0.3745019920318725,0.37724274406332453,0.9880478087649402,0.8780343007915568,0.002992
LinearSVC,100,False,500,0.3992015968063872,0.3895778364116095,0.9660678642714571,0.9031002638522427,0.002992
LinearSVC,100,False,750,0.3981358189081225,0.3924142480211082,0.948069241011984,0.9052110817941953,0.003988
LinearSVC,100,False,1000,0.3946053946053946,0.3939973614775726,0.948051948051948,0.9095646437994723,0.004986
LinearSVC,100,False,2000,0.39280359820089955,0.38951187335092347,0.9370314842578711,0.9134564643799472,0.007978
LinearSVC,100,False,3000,0.3948683772075975,0.391688654353562,0.9326891036321227,0.9151715039577837,0.012011
LinearSVC,100,False,4000,0.3926518370407398,0.3937994722955145,0.9310172456885779,0.9165567282321899,0.015958
LinearSVC,100,False,5000,0.3997200559888022,0.39808707124010556,0.9298140371925615,0.9175461741424802,0.023935
LinearSVC,100,False,6000,0.395934010998167,0.3970976253298153,0.930178303616064,0.9187994722955145,0.024002
LinearSVC,100,False,7000,0.3919440079988573,0.3981530343007916,0.9308670189972861,0.9173482849604222,0.027925
LinearSVC,100,False,8000,0.39707536557930256,0.3978232189973615,0.9288838895138107,0.9171503957783641,0.044249
LinearSVC,100,False,9000,0.4009554493945117,0.3978232189973615,0.9283412954116209,0.9181398416886544,0.036902
LinearSVC,100,False,10000,0.4042595740425957,0.39841688654353563,0.927007299270073,0.9171503957783641,0.039893
LinearSVC,100,False,11000,0.4043268793746023,0.3992744063324538,0.9273702390691755,0.9174802110817942,0.045878
LinearSVC,100,False,12000,0.40388300974918756,0.3996701846965699,0.9273393883843013,0.9182058047493403,0.049867
LinearSVC,100,False,13000,0.3890469963848935,0.39894459102902374,0.9270825321129144,0.9189313984168865,0.05398
LinearSVC,100,False,14000,0.4041854153274766,0.3986807387862797,0.927076637383044,0.9182717678100264,0.058996
LinearSVC,100,False,15000,0.40250649956669554,0.39854881266490766,0.9278048130124659,0.9189973614775726,0.062712
LinearSVC,100,False,16000,0.4015374039122555,0.39947229551451185,0.9266920817448909,0.9176781002638522,0.066852
LinearSVC,100,False,17000,0.40021175224986766,0.3997361477572559,0.9259455326157285,0.9179419525065963,0.071954
LinearSVC,100,False,18000,0.39764457530137215,0.399802110817942,0.9266151880451086,0.9187335092348285,0.075036
LinearSVC,100,False,19000,0.3987684858691648,0.399802110817942,0.9271617283300879,0.9191952506596306,0.079895
LinearSVC,100,False,20000,0.40047997600119994,0.4002638522427441,0.927503624818759,0.9185356200527705,0.082703
LinearSVC,100,False,21000,0.3985048331031856,0.40065963060686016,0.9272415599257178,0.9180738786279683,0.086942
LinearSVC,100,False,22000,0.4033907549656834,0.40112137203166226,0.9270033180309986,0.9182717678100264,0.091861
LinearSVC,100,False,23000,0.40380853006391026,0.4011873350923483,0.9269596974044607,0.9184036939313984,0.097771
LinearSVC,100,False,24000,0.4053581100787467,0.40105540897097625,0.9274196908462148,0.9186015831134564,0.106746
LinearSVC,100,False,25000,0.40554377824887006,0.40098944591029023,0.9278028878844846,0.9183377308707124,0.102755
LinearSVC,100,False,26000,0.4024845198261605,0.4009234828496042,0.9277720087688935,0.9186015831134564,0.106907
LinearSVC,100,False,27000,0.40268878930409985,0.4009234828496042,0.9273730602570275,0.9185356200527705,0.114726
LinearSVC,100,False,28000,0.40284275561587085,0.40098944591029023,0.927216885111246,0.9187994722955145,0.12267
LinearSVC,100,False,29000,0.4058135926347367,0.40151715039577834,0.9269335540153788,0.9189313984168865,0.119678
LinearSVC,100,False,30000,0.4032532248925036,0.4013192612137203,0.9269357688077065,0.9186675461741425,0.124665
LinearSVC,100,False,31000,0.4030515144672753,0.40112137203166226,0.9266797845230799,0.9181398416886544,0.131617
LinearSVC,100,False,32000,0.40408112246492295,0.40184696569920847,0.9265022968032249,0.9188654353562006,0.150628
LinearSVC,100,False,33000,0.40613920790279084,0.4017810026385224,0.9260931486924638,0.9186675461741425,0.166386
LinearSVC,100,False,34000,0.4073115496603041,0.4025725593667546,0.9266492161995236,0.9189973614775726,0.147881
LinearSVC,100,False,35000,0.40901688523185054,0.4021108179419525,0.9266878089197451,0.9191952506596306,0.160911
LinearSVC,100,False,36000,0.4075720118885586,0.4023746701846966,0.9271686897586178,0.9195910290237467,0.153689
LinearSVC,100,False,37000,0.40409718656252536,0.40184696569920847,0.9264614469879192,0.9189313984168865,0.177956
LinearSVC,100,False,38000,0.4051735480645246,0.40158311345646436,0.9261072077050604,0.9193931398416887,0.166834
LinearSVC,100,False,39000,0.40537422117381605,0.40151715039577834,0.9260018973872465,0.9195910290237467,0.172987
LinearSVC,100,False,40000,0.4057398565035874,0.4013852242744063,0.925476863078423,0.9191292875989446,0.171121
LinearSVC,100,False,41000,0.40608765639862443,0.40164907651715037,0.9253432843101388,0.9190633245382586,0.182499
LinearSVC,100,False,42000,0.4044427513630628,0.40164907651715037,0.9252874931549249,0.9190633245382586,0.207226
LinearSVC,100,False,43000,0.40396734959652103,0.4013852242744063,0.9250249994186182,0.9187335092348285,0.20545
LinearSVC,100,False,44000,0.40664984886707123,0.4017150395778364,0.9245017158700939,0.9182717678100264,0.251329
LinearSVC,100,False,45000,0.40765760760871983,0.40145118733509233,0.9245794537899158,0.9185356200527705,0.209452
LinearSVC,100,False,46000,0.4082737331797135,0.40145118733509233,0.9247190278472207,0.9186015831134564,0.19847
LinearSVC,100,False,47000,0.40565094359694476,0.40158311345646436,0.9248313865662433,0.9184696569920844,0.208444
LinearSVC,100,False,48000,0.40811649757296725,0.4017810026385224,0.9249598966688194,0.9183377308707124,0.288231
LinearSVC,100,False,49000,0.405930491214465,0.40158311345646436,0.9249403073406666,0.9184036939313984,0.23404
LinearSVC,100,False,50000,0.40739185216295676,0.4013192612137203,0.9248615027699446,0.9187994722955145,0.345053
LinearSVC,100,False,51000,0.40463912472304464,0.40151715039577834,0.9248250034313052,0.9189313984168865,0.227394
LinearSVC,100,False,52000,0.4060498836560835,0.40105540897097625,0.9245976038922329,0.9192612137203167,0.428855
LinearSVC,100,False,53000,0.4056904586705911,0.4013852242744063,0.9244731231486198,0.9186675461741425,0.320235
LinearSVC,100,False,53531,0.4038034036352768,0.40105540897097625,0.9245670732846388,0.9189973614775726,0.445655
LinearSVC,200,False,250,0.3745019920318725,0.37724274406332453,1.0,0.8921503957783641,0.002993
LinearSVC,200,False,500,0.3992015968063872,0.3895778364116095,0.9940119760479041,0.9121372031662269,0.003991
LinearSVC,200,False,750,0.3981358189081225,0.3924142480211082,0.9880159786950732,0.9127308707124011,0.003989
LinearSVC,200,False,1000,0.3946053946053946,0.3939973614775726,0.98001998001998,0.9157651715039578,0.005012
LinearSVC,200,False,2000,0.39280359820089955,0.38951187335092347,0.9655172413793104,0.9242744063324538,0.010971
LinearSVC,200,False,3000,0.3948683772075975,0.391688654353562,0.9576807730756415,0.9279023746701847,0.012966
LinearSVC,200,False,4000,0.3926518370407398,0.3937994722955145,0.9520119970007498,0.9296833773087071,0.018949
LinearSVC,200,False,5000,0.3997200559888022,0.39808707124010556,0.9490101979604079,0.9307387862796834,0.020937
LinearSVC,200,False,6000,0.395934010998167,0.3970976253298153,0.9478420263289452,0.9306728232189974,0.026928
LinearSVC,200,False,7000,0.3919440079988573,0.3981530343007916,0.9477217540351378,0.9314643799472295,0.02893
LinearSVC,200,False,8000,0.39707536557930256,0.3978232189973615,0.9471316085489314,0.9321240105540897,0.031916
LinearSVC,200,False,9000,0.4009554493945117,0.3978232189973615,0.9444506165981558,0.9317282321899736,0.0379
LinearSVC,200,False,10000,0.4042595740425957,0.39841688654353563,0.9448055194480552,0.9325857519788918,0.040859
LinearSVC,200,False,11000,0.4043268793746023,0.3992744063324538,0.945550404508681,0.9329815303430079,0.045875
LinearSVC,200,False,12000,0.40388300974918756,0.3996701846965699,0.944587951004083,0.933377308707124,0.05484
LinearSVC,200,False,13000,0.3890469963848935,0.39894459102902374,0.9440812245211907,0.9320580474934037,0.057858
LinearSVC,200,False,14000,0.4041854153274766,0.3986807387862797,0.943932576244554,0.9327176781002638,0.056846
LinearSVC,200,False,15000,0.40250649956669554,0.39854881266490766,0.9455369642023865,0.9321240105540897,0.074831
LinearSVC,200,False,16000,0.4015374039122555,0.39947229551451185,0.946190863071058,0.9317282321899736,0.06385
LinearSVC,200,False,17000,0.40021175224986766,0.3997361477572559,0.9452973354508558,0.9321899736147757,0.07879
LinearSVC,200,False,18000,0.39764457530137215,0.399802110817942,0.9445586356313538,0.9319920844327176,0.075773
LinearSVC,200,False,19000,0.3987684858691648,0.399802110817942,0.9452134098205358,0.9318601583113456,0.086767
LinearSVC,200,False,20000,0.40047997600119994,0.4002638522427441,0.9459527023648817,0.932915567282322,0.099734
LinearSVC,200,False,21000,0.3985048331031856,0.40065963060686016,0.9452407028236751,0.933641160949868,0.089852
LinearSVC,200,False,22000,0.4033907549656834,0.40112137203166226,0.9457297395572929,0.9344327176781002,0.104709
LinearSVC,200,False,23000,0.40380853006391026,0.4011873350923483,0.9460458240946046,0.9342348284960422,0.105497
LinearSVC,200,False,24000,0.4053581100787467,0.40105540897097625,0.945627265530603,0.9340369393139841,0.143175
LinearSVC,200,False,25000,0.40554377824887006,0.40098944591029023,0.9454021839126435,0.933509234828496,0.159025
LinearSVC,200,False,26000,0.4024845198261605,0.4009234828496042,0.945348255836314,0.9344986807387863,0.103801
LinearSVC,200,False,27000,0.40268878930409985,0.4009234828496042,0.9449279656309025,0.9344327176781002,0.109383
LinearSVC,200,False,28000,0.40284275561587085,0.40098944591029023,0.9453590943180601,0.9348944591029024,0.147601
LinearSVC,200,False,29000,0.4058135926347367,0.40151715039577834,0.9450363780559291,0.9352902374670184,0.138695
LinearSVC,200,False,30000,0.4032532248925036,0.4013192612137203,0.9443018566047798,0.9347625329815303,0.124971
LinearSVC,200,False,31000,0.4030515144672753,0.40112137203166226,0.9447437179445825,0.9346965699208444,0.116222
LinearSVC,200,False,32000,0.40408112246492295,0.40184696569920847,0.9446267304146745,0.9346965699208444,0.16861
LinearSVC,200,False,33000,0.40613920790279084,0.4017810026385224,0.9448198539438198,0.9344327176781002,0.186497
LinearSVC,200,False,34000,0.4073115496603041,0.4025725593667546,0.9449133849004441,0.9344986807387863,0.17649
LinearSVC,200,False,35000,0.40901688523185054,0.4021108179419525,0.9448872889346018,0.9350263852242744,0.198465
LinearSVC,200,False,36000,0.4075720118885586,0.4023746701846966,0.9447515346795923,0.9346965699208444,0.200463
LinearSVC,200,False,37000,0.40409718656252536,0.40184696569920847,0.9444069079214076,0.9344327176781002,0.229386
LinearSVC,200,False,38000,0.4051735480645246,0.40158311345646436,0.9443962000999974,0.9350263852242744,0.324082
LinearSVC,200,False,39000,0.40537422117381605,0.40151715039577834,0.9442578395425758,0.9346965699208444,0.171968
LinearSVC,200,False,40000,0.4057398565035874,0.4013852242744063,0.9441513962150946,0.9352902374670184,0.214484
LinearSVC,200,False,41000,0.40608765639862443,0.40164907651715037,0.9438306382771152,0.9352242744063325,0.171829
LinearSVC,200,False,42000,0.4044427513630628,0.40164907651715037,0.9433823004214186,0.9352902374670184,0.311647
LinearSVC,200,False,43000,0.40396734959652103,0.4013852242744063,0.9435129415594986,0.9351583113456464,0.307152
LinearSVC,200,False,44000,0.40664984886707123,0.4017150395778364,0.9428876616440536,0.9358179419525066,0.437315
LinearSVC,200,False,45000,0.40765760760871983,0.40145118733509233,0.9426012755272105,0.9358179419525066,0.297207
LinearSVC,200,False,46000,0.4082737331797135,0.40145118733509233,0.942609943262103,0.9361477572559367,0.352952
LinearSVC,200,False,47000,0.40565094359694476,0.40158311345646436,0.9427884513095466,0.9358839050131926,0.204374
LinearSVC,200,False,48000,0.40811649757296725,0.4017810026385224,0.9428553571800588,0.9356200527704486,0.226336
LinearSVC,200,False,49000,0.405930491214465,0.40158311345646436,0.9429603477480052,0.9358839050131926,0.218698
LinearSVC,200,False,50000,0.40739185216295676,0.4013192612137203,0.9423211535769285,0.9357519788918206,0.242657
LinearSVC,200,False,51000,0.40463912472304464,0.40151715039577834,0.9422168192780533,0.9353562005277045,0.482268
LinearSVC,200,False,52000,0.4060498836560835,0.40105540897097625,0.9425395665467972,0.9360158311345647,0.479066
LinearSVC,200,False,53000,0.4056904586705911,0.4013852242744063,0.9423407105526311,0.9358839050131926,0.52906
LinearSVC,200,False,53531,0.4038034036352768,0.40105540897097625,0.9422203956585904,0.9359498680738786,0.320028
LinearSVC,300,False,250,0.3745019920318725,0.37724274406332453,1.0,0.8991424802110818,0.001992
LinearSVC,300,False,500,0.3992015968063872,0.3895778364116095,0.998003992015968,0.9200527704485488,0.002992
LinearSVC,300,False,750,0.3981358189081225,0.3924142480211082,0.996005326231691,0.9260554089709763,0.004987
LinearSVC,300,False,1000,0.3946053946053946,0.3939973614775726,0.985014985014985,0.9284300791556728,0.004954
LinearSVC,300,False,2000,0.39280359820089955,0.38951187335092347,0.9770114942528736,0.9337730870712401,0.008011
LinearSVC,300,False,3000,0.3948683772075975,0.391688654353562,0.9703432189270244,0.9360817941952506,0.01496
LinearSVC,300,False,4000,0.3926518370407398,0.3937994722955145,0.9662584353911522,0.9385883905013193,0.015988
LinearSVC,300,False,5000,0.3997200559888022,0.39808707124010556,0.9642071585682863,0.9382585751978891,0.019949
LinearSVC,300,False,6000,0.395934010998167,0.3970976253298153,0.9621729711714714,0.9386543535620053,0.036864
LinearSVC,300,False,7000,0.3919440079988573,0.3981530343007916,0.962148264533638,0.9396437994722955,0.027925
LinearSVC,300,False,8000,0.39707536557930256,0.3978232189973615,0.960129983752031,0.9408311345646438,0.033876
LinearSVC,300,False,9000,0.4009554493945117,0.3978232189973615,0.9586712587490279,0.9412928759894459,0.037901
LinearSVC,300,False,10000,0.4042595740425957,0.39841688654353563,0.958904109589041,0.941688654353562,0.039925
LinearSVC,300,False,11000,0.4043268793746023,0.3992744063324538,0.95882192527952,0.941688654353562,0.044863
LinearSVC,300,False,12000,0.40388300974918756,0.3996701846965699,0.9578368469294225,0.941952506596306,0.04887
LinearSVC,300,False,13000,0.3890469963848935,0.39894459102902374,0.9573109760787631,0.9426121372031663,0.052891
LinearSVC,300,False,14000,0.4041854153274766,0.3986807387862797,0.9558602956931648,0.9430079155672824,0.056851
LinearSVC,300,False,15000,0.40250649956669554,0.39854881266490766,0.9568028798080128,0.9440633245382586,0.070778
LinearSVC,300,False,16000,0.4015374039122555,0.39947229551451185,0.9570651834260359,0.9432717678100264,0.065848
LinearSVC,300,False,17000,0.40021175224986766,0.3997361477572559,0.9566496088465385,0.9442612137203166,0.067848
LinearSVC,300,False,18000,0.39764457530137215,0.399802110817942,0.9568912838175657,0.9452506596306068,0.074799
LinearSVC,300,False,19000,0.3987684858691648,0.399802110817942,0.9567391189937372,0.9447229551451187,0.078754
LinearSVC,300,False,20000,0.40047997600119994,0.4002638522427441,0.9567521623918804,0.9445250659630607,0.083782
LinearSVC,300,False,21000,0.3985048331031856,0.40065963060686016,0.9559544783581734,0.9445250659630607,0.086737
LinearSVC,300,False,22000,0.4033907549656834,0.40112137203166226,0.9568201445388846,0.9453166226912929,0.090753
LinearSVC,300,False,23000,0.40380853006391026,0.4011873350923483,0.9570018694839355,0.9451187335092348,0.108708
LinearSVC,300,False,24000,0.4053581100787467,0.40105540897097625,0.9571267863839007,0.9453166226912929,0.109722
LinearSVC,300,False,25000,0.40554377824887006,0.40098944591029023,0.9565617375304988,0.9453166226912929,0.112665
LinearSVC,300,False,26000,0.4024845198261605,0.4009234828496042,0.9566170531902619,0.945712401055409,0.113717
LinearSVC,300,False,27000,0.40268878930409985,0.4009234828496042,0.9561127365653124,0.9449208443271768,0.191177
LinearSVC,300,False,28000,0.40284275561587085,0.40098944591029023,0.9558944323417021,0.9452506596306068,0.134606
LinearSVC,300,False,29000,0.4058135926347367,0.40151715039577834,0.9552774042274405,0.9453166226912929,0.127691
LinearSVC,300,False,30000,0.4032532248925036,0.4013192612137203,0.9548681710609647,0.9454485488126649,0.139589
LinearSVC,300,False,31000,0.4030515144672753,0.40112137203166226,0.9546788813264089,0.9451846965699209,0.210464
LinearSVC,300,False,32000,0.40408112246492295,0.40184696569920847,0.954907659135652,0.9451187335092348,0.155553
LinearSVC,300,False,33000,0.40613920790279084,0.4017810026385224,0.9548498530347566,0.9448548812664908,0.233341
LinearSVC,300,False,34000,0.4073115496603041,0.4025725593667546,0.9547954471927296,0.9449208443271768,0.178592
LinearSVC,300,False,35000,0.40901688523185054,0.4021108179419525,0.9546584383303334,0.9451846965699209,0.159577
LinearSVC,300,False,36000,0.4075720118885586,0.4023746701846966,0.9547512569095303,0.9453166226912929,0.169543
LinearSVC,300,False,37000,0.40409718656252536,0.40184696569920847,0.954325558768682,0.9451187335092348,0.186538
LinearSVC,300,False,38000,0.4051735480645246,0.40158311345646436,0.9541327859793164,0.9453166226912929,0.191486
LinearSVC,300,False,39000,0.40537422117381605,0.40151715039577834,0.9543088638752852,0.9452506596306068,0.256346
LinearSVC,300,False,40000,0.4057398565035874,0.4013852242744063,0.9542761430964226,0.945976253298153,0.209451
LinearSVC,300,False,41000,0.40608765639862443,0.40164907651715037,0.9540499012219215,0.946042216358839,0.345107
LinearSVC,300,False,42000,0.4044427513630628,0.40164907651715037,0.9539296683412299,0.945910290237467,0.217418
LinearSVC,300,False,43000,0.40396734959652103,0.4013852242744063,0.9540243250156973,0.9453825857519789,0.408008
LinearSVC,300,False,44000,0.40664984886707123,0.4017150395778364,0.9538419581373151,0.945976253298153,0.243318
LinearSVC,300,False,45000,0.40765760760871983,0.40145118733509233,0.9537565831870403,0.9462401055408971,0.30209
LinearSVC,300,False,46000,0.4082737331797135,0.40145118733509233,0.9534575335318798,0.9462401055408971,0.247331
LinearSVC,300,False,47000,0.40565094359694476,0.40158311345646436,0.9536180081274866,0.946042216358839,0.248127
LinearSVC,300,False,48000,0.40811649757296725,0.4017810026385224,0.9536467990250204,0.9461081794195251,0.304206
LinearSVC,300,False,49000,0.405930491214465,0.40158311345646436,0.9537152303014225,0.9462401055408971,0.273253
LinearSVC,300,False,50000,0.40739185216295676,0.4013192612137203,0.9534809303813924,0.9463720316622691,0.269437
LinearSVC,300,False,51000,0.40463912472304464,0.40151715039577834,0.9531773886786533,0.9462401055408971,0.296177
LinearSVC,300,False,52000,0.4060498836560835,0.40105540897097625,0.953366281417665,0.9461081794195251,0.278256
LinearSVC,300,False,53000,0.4056904586705911,0.4013852242744063,0.9533593705779136,0.9461081794195251,0.335326
LinearSVC,300,False,53531,0.4038034036352768,0.40105540897097625,0.9530552390203807,0.946174142480211,0.327123
LinearSVC,500,False,250,0.3745019920318725,0.37724274406332453,1.0,0.9029023746701847,0.003026
LinearSVC,500,False,500,0.3992015968063872,0.3895778364116095,0.998003992015968,0.9229551451187336,0.007979
LinearSVC,500,False,750,0.3981358189081225,0.3924142480211082,0.9946737683089214,0.9294854881266491,0.004021
LinearSVC,500,False,1000,0.3946053946053946,0.3939973614775726,0.995004995004995,0.9327836411609499,0.005985
LinearSVC,500,False,2000,0.39280359820089955,0.38951187335092347,0.9865067466266867,0.9387862796833774,0.008943
LinearSVC,500,False,3000,0.3948683772075975,0.391688654353562,0.9836721092969011,0.9407651715039578,0.013963
LinearSVC,500,False,4000,0.3926518370407398,0.3937994722955145,0.9807548112971757,0.9428759894459103,0.020948
LinearSVC,500,False,5000,0.3997200559888022,0.39808707124010556,0.976004799040192,0.9437335092348285,0.031915
LinearSVC,500,False,6000,0.395934010998167,0.3970976253298153,0.9751708048658557,0.9449208443271768,0.025926
LinearSVC,500,False,7000,0.3919440079988573,0.3981530343007916,0.973575203542351,0.9452506596306068,0.029919
LinearSVC,500,False,8000,0.39707536557930256,0.3978232189973615,0.9721284839395076,0.9478232189973614,0.036936
LinearSVC,500,False,9000,0.4009554493945117,0.3978232189973615,0.9710032218642373,0.9480211081794195,0.036899
LinearSVC,500,False,10000,0.4042595740425957,0.39841688654353563,0.9696030396960303,0.9482849604221636,0.040894
LinearSVC,500,False,11000,0.4043268793746023,0.3992744063324538,0.9683665121352605,0.9482189973614775,0.046875
LinearSVC,500,False,12000,0.40388300974918756,0.3996701846965699,0.9674193817181902,0.9484828496042217,0.048837
LinearSVC,500,False,13000,0.3890469963848935,0.39894459102902374,0.9676178755480348,0.9492744063324539,0.053858
LinearSVC,500,False,14000,0.4041854153274766,0.3986807387862797,0.9669309335047497,0.9494722955145118,0.063829
LinearSVC,500,False,15000,0.40250649956669554,0.39854881266490766,0.9668688754083061,0.950131926121372,0.062832
LinearSVC,500,False,16000,0.4015374039122555,0.39947229551451185,0.9663771014311605,0.9503298153034301,0.073802
LinearSVC,500,False,17000,0.40021175224986766,0.3997361477572559,0.9664137403682136,0.9514511873350924,0.0708
LinearSVC,500,False,18000,0.39764457530137215,0.399802110817942,0.9658907838453419,0.9511213720316622,0.074801
LinearSVC,500,False,19000,0.3987684858691648,0.399802110817942,0.9656860165254461,0.9515171503957783,0.079781
LinearSVC,500,False,20000,0.40047997600119994,0.4002638522427441,0.9658517074146292,0.9515831134564644,0.081812
LinearSVC,500,False,21000,0.3985048331031856,0.40065963060686016,0.9649064330269987,0.9512532981530343,0.086772
LinearSVC,500,False,22000,0.4033907549656834,0.40112137203166226,0.9648652333984818,0.9511213720316622,0.093751
LinearSVC,500,False,23000,0.40380853006391026,0.4011873350923483,0.9650449980435634,0.9509894459102902,0.108677
LinearSVC,500,False,24000,0.4053581100787467,0.40105540897097625,0.9652514478563393,0.9516490765171504,0.097707
LinearSVC,500,False,25000,0.40554377824887006,0.40098944591029023,0.9656013759449622,0.9516490765171504,0.10675
LinearSVC,500,False,26000,0.4024845198261605,0.4009234828496042,0.965155186338987,0.9519129287598944,0.110705
LinearSVC,500,False,27000,0.40268878930409985,0.4009234828496042,0.964742046590867,0.9517810026385224,0.122671
LinearSVC,500,False,28000,0.40284275561587085,0.40098944591029023,0.9645369808221135,0.9517150395778364,0.117791
LinearSVC,500,False,29000,0.4058135926347367,0.40151715039577834,0.9638977966277025,0.9515831134564644,0.137631
LinearSVC,500,False,30000,0.4032532248925036,0.4013192612137203,0.9635012166261124,0.9518469656992085,0.139657
LinearSVC,500,False,31000,0.4030515144672753,0.40112137203166226,0.9630011935098868,0.9513192612137203,0.134643
LinearSVC,500,False,32000,0.40408112246492295,0.40184696569920847,0.9631574013312084,0.9515171503957783,0.13963
LinearSVC,500,False,33000,0.40613920790279084,0.4017810026385224,0.9627587042816884,0.9514511873350924,0.150597
LinearSVC,500,False,34000,0.4073115496603041,0.4025725593667546,0.9628246228052116,0.9514511873350924,0.194477
LinearSVC,500,False,35000,0.40901688523185054,0.4021108179419525,0.9626582097654353,0.9511873350923483,0.163595
LinearSVC,500,False,36000,0.4075720118885586,0.4023746701846966,0.9627510346934808,0.9513852242744063,0.17166
LinearSVC,500,False,37000,0.40409718656252536,0.40184696569920847,0.9622712899651361,0.9519788918205805,0.174501
LinearSVC,500,False,38000,0.4051735480645246,0.40158311345646436,0.9618957395858003,0.9515831134564644,0.19747
LinearSVC,500,False,39000,0.40537422117381605,0.40151715039577834,0.9620522550703828,0.9519129287598944,0.211434
LinearSVC,500,False,40000,0.4057398565035874,0.4013852242744063,0.9620509487262818,0.9522427440633245,0.20342
LinearSVC,500,False,41000,0.40608765639862443,0.40164907651715037,0.9618058096143997,0.9521767810026385,0.201492
LinearSVC,500,False,42000,0.4044427513630628,0.40164907651715037,0.9614532987309826,0.9525725593667547,0.211465
LinearSVC,500,False,43000,0.40396734959652103,0.4013852242744063,0.9615125229645822,0.9522427440633245,0.224399
LinearSVC,500,False,44000,0.40664984886707123,0.4017150395778364,0.9610463398559124,0.9523746701846966,0.231381
LinearSVC,500,False,45000,0.40765760760871983,0.40145118733509233,0.9609342014621898,0.9520448548812664,0.251678
LinearSVC,500,False,46000,0.4082737331797135,0.40145118733509233,0.9608704158605248,0.9523746701846966,0.248336
LinearSVC,500,False,47000,0.40565094359694476,0.40158311345646436,0.9608731729112147,0.9523746701846966,0.255377
LinearSVC,500,False,48000,0.40811649757296725,0.4017810026385224,0.9607299847919835,0.9531002638522428,0.278733
LinearSVC,500,False,49000,0.405930491214465,0.40158311345646436,0.9608171261810984,0.9531002638522428,0.261608
LinearSVC,500,False,50000,0.40739185216295676,0.4013192612137203,0.9608207835843283,0.9531662269129287,0.281341
LinearSVC,500,False,51000,0.40463912472304464,0.40151715039577834,0.960687045352052,0.9530343007915567,0.284595
LinearSVC,500,False,52000,0.4060498836560835,0.40105540897097625,0.9607315243937616,0.9530343007915567,0.288654
LinearSVC,500,False,53000,0.4056904586705911,0.4013852242744063,0.9608309277183449,0.9532321899736148,0.324887
LinearSVC,500,False,53531,0.4038034036352768,0.40105540897097625,0.9608637985466365,0.9532321899736148,0.299751
LinearSVC,800,False,250,0.3745019920318725,0.37724274406332453,1.0,0.9013192612137203,0.001997
LinearSVC,800,False,500,0.3992015968063872,0.3895778364116095,1.0,0.9215039577836411,0.003993
LinearSVC,800,False,750,0.3981358189081225,0.3924142480211082,0.9986684420772304,0.9308707124010555,0.004988
LinearSVC,800,False,1000,0.3946053946053946,0.3939973614775726,0.998001998001998,0.9361477572559367,0.006977
LinearSVC,800,False,2000,0.39280359820089955,0.38951187335092347,0.9930034982508745,0.945778364116095,0.011011
LinearSVC,800,False,3000,0.3948683772075975,0.391688654353562,0.9903365544818394,0.9494722955145118,0.014887
LinearSVC,800,False,4000,0.3926518370407398,0.3937994722955145,0.9892526868282929,0.9525065963060686,0.019495
LinearSVC,800,False,5000,0.3997200559888022,0.39808707124010556,0.9856028794241152,0.9523746701846966,0.026209
LinearSVC,800,False,6000,0.395934010998167,0.3970976253298153,0.985502416263956,0.9546174142480212,0.025755
LinearSVC,800,False,7000,0.3919440079988573,0.3981530343007916,0.9832881016997572,0.954221635883905,0.030756
LinearSVC,800,False,8000,0.39707536557930256,0.3978232189973615,0.9828771403574553,0.9551451187335093,0.038897
LinearSVC,800,False,9000,0.4009554493945117,0.3978232189973615,0.981113209643373,0.9565303430079156,0.039604
LinearSVC,800,False,10000,0.4042595740425957,0.39841688654353563,0.9811018898110189,0.9569261213720317,0.04271
LinearSVC,800,False,11000,0.4043268793746023,0.3992744063324538,0.9798200163621489,0.9567941952506597,0.051842
LinearSVC,800,False,12000,0.40388300974918756,0.3996701846965699,0.9796683609699192,0.9576517150395778,0.051764
LinearSVC,800,False,13000,0.3890469963848935,0.39894459102902374,0.9790785324205831,0.9584432717678101,0.054857
LinearSVC,800,False,14000,0.4041854153274766,0.3986807387862797,0.9784301121348475,0.9581794195250659,0.058812
LinearSVC,800,False,15000,0.40250649956669554,0.39854881266490766,0.9770015332311179,0.9594327176781002,0.062834
LinearSVC,800,False,16000,0.4015374039122555,0.39947229551451185,0.9773139178801324,0.958509234828496,0.067818
LinearSVC,800,False,17000,0.40021175224986766,0.3997361477572559,0.9769425327921887,0.9595646437994723,0.0748
LinearSVC,800,False,18000,0.39764457530137215,0.399802110817942,0.9768901727681796,0.9592348284960422,0.086767
LinearSVC,800,False,19000,0.3987684858691648,0.399802110817942,0.9761065207094364,0.9598284960422163,0.079818
LinearSVC,800,False,20000,0.40047997600119994,0.4002638522427441,0.9761011949402529,0.9587071240105541,0.082779
LinearSVC,800,False,21000,0.3985048331031856,0.40065963060686016,0.9756202085614971,0.9595646437994723,0.090759
LinearSVC,800,False,22000,0.4033907549656834,0.40112137203166226,0.9750920412708514,0.9593667546174143,0.100738
LinearSVC,800,False,23000,0.40380853006391026,0.4011873350923483,0.9750010869092648,0.9599604221635883,0.100731
LinearSVC,800,False,24000,0.4053581100787467,0.40105540897097625,0.9750427065538936,0.9602902374670185,0.10173
LinearSVC,800,False,25000,0.40554377824887006,0.40098944591029023,0.9752809887604496,0.9606860158311346,0.109707
LinearSVC,800,False,26000,0.4024845198261605,0.4009234828496042,0.9750778816199377,0.9601583113456464,0.10871
LinearSVC,800,False,27000,0.40268878930409985,0.4009234828496042,0.9747046405688679,0.9606200527704486,0.122461
LinearSVC,800,False,28000,0.40284275561587085,0.40098944591029023,0.9744294846612621,0.9604221635883905,0.123635
LinearSVC,800,False,29000,0.4058135926347367,0.40151715039577834,0.974311230647219,0.9609498680738786,0.140591
LinearSVC,800,False,30000,0.4032532248925036,0.4013192612137203,0.9740008666377787,0.9612137203166227,0.130688
LinearSVC,800,False,31000,0.4030515144672753,0.40112137203166226,0.9734524692751847,0.9613456464379947,0.139668
LinearSVC,800,False,32000,0.40408112246492295,0.40184696569920847,0.9734070810287179,0.9618733509234828,0.164561
LinearSVC,800,False,33000,0.40613920790279084,0.4017810026385224,0.9730311202690828,0.9614116094986808,0.150559
LinearSVC,800,False,34000,0.4073115496603041,0.4025725593667546,0.9731772594923679,0.9612796833773087,0.163594
LinearSVC,800,False,35000,0.40901688523185054,0.4021108179419525,0.9730579126310677,0.9614775725593667,0.172571
LinearSVC,800,False,36000,0.4075720118885586,0.4023746701846966,0.9730007499791672,0.9613456464379947,0.174535
LinearSVC,800,False,37000,0.40409718656252536,0.40184696569920847,0.9726493878543823,0.9617414248021108,0.180332
LinearSVC,800,False,38000,0.4051735480645246,0.40158311345646436,0.9728165048288203,0.9618073878627968,0.181514
LinearSVC,800,False,39000,0.40537422117381605,0.40151715039577834,0.9725904463988103,0.9616754617414248,0.212399
LinearSVC,800,False,40000,0.4057398565035874,0.4013852242744063,0.9726006849828754,0.9622031662269129,0.20445
LinearSVC,800,False,41000,0.40608765639862443,0.40164907651715037,0.9722689690495354,0.9622691292875989,0.208327
LinearSVC,800,False,42000,0.4044427513630628,0.40164907651715037,0.9719768576938644,0.9626649076517151,0.212398
LinearSVC,800,False,43000,0.40396734959652103,0.4013852242744063,0.9718146089625823,0.962467018469657,0.22842
LinearSVC,800,False,44000,0.40664984886707123,0.4017150395778364,0.9715461012249722,0.9622691292875989,0.230349
LinearSVC,800,False,45000,0.40765760760871983,0.40145118733509233,0.9716450745538988,0.9617414248021108,0.230353
LinearSVC,800,False,46000,0.4082737331797135,0.40145118733509233,0.9716310514988804,0.9617414248021108,0.247338
LinearSVC,800,False,47000,0.40565094359694476,0.40158311345646436,0.971766558158337,0.962401055408971,0.266908
LinearSVC,800,False,48000,0.40811649757296725,0.4017810026385224,0.9715630924355743,0.962467018469657,0.351174
LinearSVC,800,False,49000,0.405930491214465,0.40158311345646436,0.9715924164812964,0.9625329815303431,0.278225
LinearSVC,800,False,50000,0.40739185216295676,0.4013192612137203,0.9716405671886562,0.9625329815303431,0.27712
LinearSVC,800,False,51000,0.40463912472304464,0.40151715039577834,0.9716280072939746,0.9625329815303431,0.302191
LinearSVC,800,False,52000,0.4060498836560835,0.40105540897097625,0.9717890040576143,0.9626649076517151,0.308203
LinearSVC,800,False,53000,0.4056904586705911,0.4013852242744063,0.9716986471953359,0.9629947229551451,0.319144
LinearSVC,800,False,53531,0.4038034036352768,0.40105540897097625,0.9717733649660945,0.962730870712401,0.320255
LinearSVC,,False,250,0.3745019920318725,0.37724274406332453,1.0,0.6859498680738786,0.01895
LinearSVC,,False,500,0.3992015968063872,0.3895778364116095,1.0,0.7837071240105541,0.021942
LinearSVC,,False,750,0.3981358189081225,0.3924142480211082,1.0,0.8355540897097625,0.025898
LinearSVC,,False,1000,0.3946053946053946,0.3939973614775726,1.0,0.8679419525065963,0.027926
LinearSVC,,False,2000,0.39280359820089955,0.38951187335092347,1.0,0.9253298153034301,0.037901
LinearSVC,,False,3000,0.3948683772075975,0.391688654353562,1.0,0.941622691292876,0.050841
LinearSVC,,False,4000,0.3926518370407398,0.3937994722955145,1.0,0.9504617414248021,0.069815
LinearSVC,,False,5000,0.3997200559888022,0.39808707124010556,1.0,0.9540897097625329,0.0778
LinearSVC,,False,6000,0.395934010998167,0.3970976253298153,0.9998333611064822,0.9569261213720317,0.134629
LinearSVC,,False,7000,0.3919440079988573,0.3981530343007916,0.999857163262391,0.9588390501319262,0.138631
LinearSVC,,False,8000,0.39707536557930256,0.3978232189973615,0.9998750156230471,0.9604881266490766,0.182625
LinearSVC,,False,9000,0.4009554493945117,0.3978232189973615,0.9998889012331963,0.9622691292875989,0.184506
LinearSVC,,False,10000,0.4042595740425957,0.39841688654353563,0.9999000099990001,0.9630606860158312,0.225397
LinearSVC,,False,11000,0.4043268793746023,0.3992744063324538,0.9999090991728025,0.9639841688654354,0.267399
LinearSVC,,False,12000,0.40388300974918756,0.3996701846965699,0.9998333472210649,0.9650395778364116,0.265296
LinearSVC,,False,13000,0.3890469963848935,0.39894459102902374,0.9998461656795631,0.9658970976253298,0.298288
LinearSVC,,False,14000,0.4041854153274766,0.3986807387862797,0.9998571530604957,0.9670184696569921,0.310245
LinearSVC,,False,15000,0.40250649956669554,0.39854881266490766,0.999866675554963,0.9671503957783641,0.340059
LinearSVC,,False,16000,0.4015374039122555,0.39947229551451185,0.9998750078120118,0.9676781002638523,0.351055
LinearSVC,,False,17000,0.40021175224986766,0.3997361477572559,0.9998823598611847,0.9683377308707124,0.428847
LinearSVC,,False,18000,0.39764457530137215,0.399802110817942,0.9998888950613855,0.9686015831134565,0.428867
LinearSVC,,False,19000,0.3987684858691648,0.399802110817942,0.99989474238198,0.9688654353562005,0.445745
LinearSVC,,False,20000,0.40047997600119994,0.4002638522427441,0.999850007499625,0.9693931398416886,0.467773
LinearSVC,,False,21000,0.3985048331031856,0.40065963060686016,0.99985714965954,0.9694591029023747,0.487817
LinearSVC,,False,22000,0.4033907549656834,0.40112137203166226,0.9998636425617018,0.9698548812664908,0.577489
LinearSVC,,False,23000,0.40380853006391026,0.4011873350923483,0.9998695708882223,0.9699868073878628,0.538527
LinearSVC,,False,24000,0.4053581100787467,0.40105540897097625,0.9998333402774885,0.9706464379947229,0.595376
LinearSVC,,False,25000,0.40554377824887006,0.40098944591029023,0.999840006399744,0.970778364116095,0.576458
LinearSVC,,False,26000,0.4024845198261605,0.4009234828496042,0.999846159763086,0.9711081794195251,0.604416
LinearSVC,,False,27000,0.40268878930409985,0.4009234828496042,0.999851857338617,0.9713060686015831,0.64124
LinearSVC,,False,28000,0.40284275561587085,0.40098944591029023,0.9998571479590015,0.9711081794195251,0.664228
LinearSVC,,False,29000,0.4058135926347367,0.40151715039577834,0.9998620737215959,0.9715039577836412,0.690183
LinearSVC,,False,30000,0.4032532248925036,0.4013192612137203,0.999866671110963,0.9712401055408971,0.682699
LinearSVC,,False,31000,0.4030515144672753,0.40112137203166226,0.9998709719041321,0.9718997361477573,0.745048
LinearSVC,,False,32000,0.40408112246492295,0.40184696569920847,0.9998750039061279,0.9724274406332454,0.764085
LinearSVC,,False,33000,0.40613920790279084,0.4017810026385224,0.9998484894397139,0.9721635883905013,0.740988
LinearSVC,,False,34000,0.4073115496603041,0.4025725593667546,0.9998529455016029,0.9720316622691293,0.77404
LinearSVC,,False,35000,0.40901688523185054,0.4021108179419525,0.9998571469386589,0.9720976253298153,0.839081
LinearSVC,,False,36000,0.4075720118885586,0.4023746701846966,0.9998611149690286,0.9718337730870712,0.87795
LinearSVC,,False,37000,0.40409718656252536,0.40184696569920847,0.9998918948136537,0.9723614775725594,0.919507
LinearSVC,,False,38000,0.4051735480645246,0.40158311345646436,0.9998684245151443,0.9723614775725594,0.87969
LinearSVC,,False,39000,0.40537422117381605,0.40151715039577834,0.9998461577908259,0.9720976253298153,0.991855
LinearSVC,,False,40000,0.4057398565035874,0.4013852242744063,0.9998500037499063,0.9724274406332454,0.961583
LinearSVC,,False,41000,0.40608765639862443,0.40164907651715037,0.9998536621058023,0.9727572559366755,0.94949
LinearSVC,,False,42000,0.4044427513630628,0.40164907651715037,0.9998333373014928,0.9729551451187335,0.970665
LinearSVC,,False,43000,0.40396734959652103,0.4013852242744063,0.9998604683612009,0.9728891820580475,0.993835
LinearSVC,,False,44000,0.40664984886707123,0.4017150395778364,0.9998636394627395,0.9733509234828496,1.032545
LinearSVC,,False,45000,0.40765760760871983,0.40145118733509233,0.9998666696295638,0.9732189973614775,1.071152
LinearSVC,,False,46000,0.4082737331797135,0.40145118733509233,0.9998695680528684,0.9732189973614775,1.155938
LinearSVC,,False,47000,0.40565094359694476,0.40158311345646436,0.9998510669985745,0.9735488126649077,1.112382
LinearSVC,,False,48000,0.40811649757296725,0.4017810026385224,0.9998541697047978,0.9740105540897097,1.127254
LinearSVC,,False,49000,0.405930491214465,0.40158311345646436,0.9998367380257546,0.9735488126649077,1.133197
LinearSVC,,False,50000,0.40739185216295676,0.4013192612137203,0.999860002799944,0.9738126649076517,1.14207
LinearSVC,,False,51000,0.40463912472304464,0.40151715039577834,0.9998823552479363,0.9738786279683377,1.158176
LinearSVC,,False,52000,0.4060498836560835,0.40105540897097625,0.9998653872040922,0.9743403693931398,1.211125
LinearSVC,,False,53000,0.4056904586705911,0.4013852242744063,0.9998490594517084,0.9742744063324539,1.273613
LinearSVC,,False,53531,0.4038034036352768,0.40105540897097625,0.9998505538846649,0.9743403693931398,1.292504
LinearSVC,,True,250,0.4038034036352768,0.40105540897097625,0.6364349629186826,0.654419525065963,9.139702
LinearSVC,,True,500,0.4038034036352768,0.40105540897097625,0.717285311314939,0.7643139841688654,9.333685
LinearSVC,,True,750,0.4038034036352768,0.40105540897097625,0.7740187928490034,0.8176781002638522,9.508516
LinearSVC,,True,1000,0.4038034036352768,0.40105540897097625,0.8148549438643029,0.8501978891820581,9.283214
LinearSVC,,True,2000,0.4038034036352768,0.40105540897097625,0.8897274476471577,0.9186015831134564,9.548239
LinearSVC,,True,3000,0.4038034036352768,0.40105540897097625,0.9178980403878126,0.9407651715039578,9.596329
LinearSVC,,True,4000,0.4038034036352768,0.40105540897097625,0.9339074554930787,0.9498680738786279,9.559111
LinearSVC,,True,5000,0.4038034036352768,0.40105540897097625,0.9426874147690123,0.9535620052770448,9.865609
LinearSVC,,True,6000,0.4038034036352768,0.40105540897097625,0.9499542321271787,0.9574538258575198,10.15194
LinearSVC,,True,7000,0.4038034036352768,0.40105540897097625,0.9545497001737311,0.9588390501319262,9.94361
LinearSVC,,True,8000,0.4038034036352768,0.40105540897097625,0.9594440604509537,0.9608839050131927,10.113861
LinearSVC,,True,9000,0.4038034036352768,0.40105540897097625,0.9625637481085726,0.9620712401055409,10.135184
LinearSVC,,True,10000,0.4038034036352768,0.40105540897097625,0.9651603743625189,0.9625329815303431,11.092303
LinearSVC,,True,11000,0.4038034036352768,0.40105540897097625,0.9668790046888719,0.9638522427440633,11.011285
LinearSVC,,True,12000,0.4038034036352768,0.40105540897097625,0.9683921466066392,0.9647097625329816,10.09571
LinearSVC,,True,13000,0.4038034036352768,0.40105540897097625,0.9703162653415778,0.9653693931398417,10.548546
LinearSVC,,True,14000,0.4038034036352768,0.40105540897097625,0.9720535764323476,0.9659630606860158,10.233694
LinearSVC,,True,15000,0.4038034036352768,0.40105540897097625,0.9730996992396929,0.966490765171504,10.590387
LinearSVC,,True,16000,0.4038034036352768,0.40105540897097625,0.97371616446545,0.96655672823219,12.573649
LinearSVC,,True,17000,0.4038034036352768,0.40105540897097625,0.9750985410322991,0.9674802110817942,10.762269
LinearSVC,,True,18000,0.4038034036352768,0.40105540897097625,0.9760886215463936,0.9676781002638523,10.638643
LinearSVC,,True,19000,0.4038034036352768,0.40105540897097625,0.9769479367095701,0.9678100263852243,10.667371
LinearSVC,,True,20000,0.4038034036352768,0.40105540897097625,0.9776951672862454,0.9682058047493404,10.505643
LinearSVC,,True,21000,0.4038034036352768,0.40105540897097625,0.9784797593917544,0.9684036939313985,10.56442
LinearSVC,,True,22000,0.4038034036352768,0.40105540897097625,0.9790962246175113,0.9686015831134565,11.053512
LinearSVC,,True,23000,0.4038034036352768,0.40105540897097625,0.9803665165978592,0.9690633245382586,10.606532
LinearSVC,,True,24000,0.4038034036352768,0.40105540897097625,0.9812818740542864,0.9695910290237467,10.469792
LinearSVC,,True,25000,0.4038034036352768,0.40105540897097625,0.9821972315107134,0.9695910290237467,10.693739
LinearSVC,,True,26000,0.4038034036352768,0.40105540897097625,0.9830378659094731,0.9699868073878628,10.68715
LinearSVC,,True,27000,0.4038034036352768,0.40105540897097625,0.9837290541928976,0.9699868073878628,10.710808
LinearSVC,,True,28000,0.4038034036352768,0.40105540897097625,0.9844949655339896,0.970448548812665,10.720685
LinearSVC,,True,29000,0.4038034036352768,0.40105540897097625,0.9852795576394986,0.970844327176781,10.576186
LinearSVC,,True,30000,0.4038034036352768,0.40105540897097625,0.9862135958603426,0.9711081794195251,10.879598
LinearSVC,,True,31000,0.4038034036352768,0.40105540897097625,0.9871476340811866,0.9715039577836412,11.010157
LinearSVC,,True,32000,0.4038034036352768,0.40105540897097625,0.9875772916627749,0.9713720316622692,11.34879
LinearSVC,,True,33000,0.4038034036352768,0.40105540897097625,0.9882871607106163,0.9715039577836412,10.90331
LinearSVC,,True,34000,0.4038034036352768,0.40105540897097625,0.9889223067007902,0.9715699208443271,10.520685
LinearSVC,,True,35000,0.4038034036352768,0.40105540897097625,0.9895387719265473,0.9715699208443271,10.859881
LinearSVC,,True,36000,0.4038034036352768,0.40105540897097625,0.9902299602099718,0.9715039577836412,10.949541
LinearSVC,,True,37000,0.4038034036352768,0.40105540897097625,0.990827744671312,0.9720316622691293,11.038384
LinearSVC,,True,38000,0.4038034036352768,0.40105540897097625,0.991294763781734,0.9718337730870712,11.106878
LinearSVC,,True,39000,0.4038034036352768,0.40105540897097625,0.9920046328295754,0.9718997361477573,11.199017
LinearSVC,,True,40000,0.4038034036352768,0.40105540897097625,0.9925090134688311,0.9720976253298153,12.950756
LinearSVC,,True,41000,0.4038034036352768,0.40105540897097625,0.9929386710504193,0.9721635883905013,12.924137
LinearSVC,,True,42000,0.4038034036352768,0.40105540897097625,0.9936672208626777,0.9721635883905013,11.872575
LinearSVC,,True,43000,0.4038034036352768,0.40105540897097625,0.9940595169154322,0.9722295514511874,12.903219
LinearSVC,,True,44000,0.4038034036352768,0.40105540897097625,0.9947320244344399,0.9724934036939314,11.037056
LinearSVC,,True,45000,0.4038034036352768,0.40105540897097625,0.9952924473669462,0.9724934036939314,11.277924
LinearSVC,,True,46000,0.4038034036352768,0.40105540897097625,0.9957968280062021,0.9728891820580475,11.096639
LinearSVC,,True,47000,0.4038034036352768,0.40105540897097625,0.9963572509387084,0.9730211081794196,10.84932
LinearSVC,,True,48000,0.4038034036352768,0.40105540897097625,0.9969550354000486,0.9730211081794196,11.382344
LinearSVC,,True,49000,0.4038034036352768,0.40105540897097625,0.997496777568138,0.9734828496042216,11.656965
LinearSVC,,True,50000,0.4038034036352768,0.40105540897097625,0.9980011582073939,0.9737467018469657,11.73571
LinearSVC,,True,51000,0.4038034036352768,0.40105540897097625,0.9985615811399002,0.9738786279683377,11.503452
LinearSVC,,True,52000,0.4038034036352768,0.40105540897097625,0.9990099194859053,0.9739445910290238,11.538656
LinearSVC,,True,53000,0.4038034036352768,0.40105540897097625,0.9995703424184118,0.9740105540897097,11.088347
LinearSVC,,True,53531,0.4038034036352768,0.40105540897097625,0.9998505538846649,0.9743403693931398,10.963834
